{"cameraMode":{"drawMode":0,"name":"Shaded","section":"Shading Mode"},"sceneLighting":false,"audioPlay":false,"sceneViewState":{"showFog":true,"showMaterialUpdate":true,"showSkybox":false,"showFlares":true,"showImageEffects":true,"showParticleSystems":true},"in2DMode":false,"pivot":{"x":0.48369282484054568,"y":-0.13470683991909028,"z":0.9267870187759399},"rotation":{"x":0.01862799935042858,"y":-0.9268669486045837,"z":0.042965274304151538,"w":0.37364205718040469},"size":0.6304782629013062,"orthographic":false}