{"cameraMode":{"drawMode":0,"name":"Shaded","section":"Shading Mode"},"sceneLighting":true,"audioPlay":false,"sceneViewState":{"showFog":true,"showMaterialUpdate":true,"showSkybox":true,"showFlares":true,"showImageEffects":true,"showParticleSystems":true},"in2DMode":false,"pivot":{"x":1.0360000133514405,"y":0.9750000238418579,"z":-0.085999995470047},"rotation":{"x":0.14493729174137116,"y":-0.062258098274469379,"z":0.01245035044848919,"w":0.9883916974067688},"size":0.19464048743247987,"orthographic":false}