{"cameraMode":{"drawMode":0,"name":"Shaded","section":"Shading Mode"},"sceneLighting":true,"audioPlay":false,"sceneViewState":{"showFog":true,"showMaterialUpdate":true,"showSkybox":true,"showFlares":true,"showImageEffects":true,"showParticleSystems":true},"in2DMode":false,"pivot":{"x":-49.885162353515628,"y":-49.20195388793945,"z":21.394794464111329},"rotation":{"x":0.29998382925987246,"y":-0.5154123902320862,"z":0.201351135969162,"w":0.7781774997711182},"size":75.79650115966797,"orthographic":false}