{"cameraMode":{"drawMode":0,"name":"Shaded","section":"Shading Mode"},"sceneLighting":true,"audioPlay":false,"sceneViewState":{"showFog":true,"showMaterialUpdate":true,"showSkybox":false,"showFlares":true,"showImageEffects":true,"showParticleSystems":true},"in2DMode":false,"pivot":{"x":123.51690673828125,"y":-5.649198532104492,"z":9.33903980255127},"rotation":{"x":-0.02740083448588848,"y":-0.6508187055587769,"z":0.01924896240234375,"w":-0.7595840692520142},"size":132.36123657226563,"orthographic":false}