{"cameraMode":{"drawMode":0,"name":"Shaded","section":"Shading Mode"},"sceneLighting":true,"audioPlay":false,"sceneViewState":{"showFog":true,"showMaterialUpdate":true,"showSkybox":true,"showFlares":true,"showImageEffects":true,"showParticleSystems":true},"in2DMode":false,"pivot":{"x":639.824951171875,"y":8.449996948242188,"z":38.39996337890625},"rotation":{"x":0.2695036828517914,"y":-0.05805278941988945,"z":0.018497034907341005,"w":0.9618821740150452},"size":1567.1304931640625,"orthographic":false}