{"cameraMode":{"drawMode":0,"name":"Shaded","section":"Shading Mode"},"sceneLighting":true,"audioPlay":false,"sceneViewState":{"showFog":true,"showMaterialUpdate":true,"showSkybox":true,"showFlares":true,"showImageEffects":true,"showParticleSystems":true},"in2DMode":false,"pivot":{"x":205.46694946289063,"y":-30.70824432373047,"z":24.80809783935547},"rotation":{"x":0.43651083111763,"y":0.04432198032736778,"z":-0.02027161419391632,"w":0.8993571400642395},"size":21.94382095336914,"orthographic":false}