{"cameraMode":{"drawMode":0,"name":"Shaded","section":"Shading Mode"},"sceneLighting":true,"audioPlay":false,"sceneViewState":{"showFog":true,"showMaterialUpdate":true,"showSkybox":false,"showFlares":true,"showImageEffects":true,"showParticleSystems":true},"in2DMode":false,"pivot":{"x":-4.794818878173828,"y":-1.2365456819534302,"z":-3.877960681915283},"rotation":{"x":0.3116714060306549,"y":0.003278390970081091,"z":-0.001507756533101201,"w":0.950650155544281},"size":0.403148889541626,"orthographic":false}