{"cameraMode":{"drawMode":0,"name":"Shaded","section":"Shading Mode"},"sceneLighting":true,"audioPlay":false,"sceneViewState":{"showFog":true,"showMaterialUpdate":true,"showSkybox":true,"showFlares":true,"showImageEffects":true,"showParticleSystems":true},"in2DMode":false,"pivot":{"x":-2.7082366943359377,"y":2.8513708114624025,"z":4.123425483703613},"rotation":{"x":-0.05671301856637001,"y":0.33428269624710085,"z":0.023191289976239206,"w":0.9414283633232117},"size":8.196545600891114,"orthographic":false}