{"cameraMode":{"drawMode":0,"name":"Shaded","section":"Shading Mode"},"sceneLighting":true,"audioPlay":false,"sceneViewState":{"showFog":true,"showMaterialUpdate":true,"showSkybox":true,"showFlares":true,"showImageEffects":true,"showParticleSystems":true},"in2DMode":false,"pivot":{"x":0.9976916909217835,"y":0.16897940635681153,"z":-2.298654079437256},"rotation":{"x":0.23807676136493684,"y":0.04668876528739929,"z":-0.008618084713816643,"w":0.9710081219673157},"size":9.687972068786621,"orthographic":false}