{"cameraMode":{"drawMode":0,"name":"Shaded","section":"Shading Mode"},"sceneLighting":true,"audioPlay":false,"sceneViewState":{"showFog":true,"showMaterialUpdate":true,"showSkybox":true,"showFlares":true,"showImageEffects":true,"showParticleSystems":true},"in2DMode":false,"pivot":{"x":73.6810073852539,"y":6.951759338378906,"z":-8.864456176757813},"rotation":{"x":0.26893624663352969,"y":0.22282829880714417,"z":-0.06166183203458786,"w":0.9358309507369995},"size":139.51907348632813,"orthographic":false}