{"cameraMode":{"drawMode":0,"name":"Shaded","section":"Shading Mode"},"sceneLighting":false,"audioPlay":false,"sceneViewState":{"showFog":true,"showMaterialUpdate":true,"showSkybox":false,"showFlares":true,"showImageEffects":true,"showParticleSystems":true},"in2DMode":false,"pivot":{"x":0.009208391420543194,"y":0.7981710433959961,"z":-1.5851227045059205},"rotation":{"x":-0.2608259916305542,"y":0.18169666826725007,"z":-0.05005378648638725,"w":-0.9468173384666443},"size":2.8578853607177736,"orthographic":false}