{"cameraMode":{"drawMode":0,"name":"Shaded","section":"Shading Mode"},"sceneLighting":true,"audioPlay":false,"sceneViewState":{"showFog":true,"showMaterialUpdate":true,"showSkybox":true,"showFlares":true,"showImageEffects":true,"showParticleSystems":true},"in2DMode":false,"pivot":{"x":-199.2329864501953,"y":8.140914916992188,"z":105.86036682128906},"rotation":{"x":0.24045519530773164,"y":0.7468351125717163,"z":-0.34355872869491579,"w":0.5178487300872803},"size":0.1170279011130333,"orthographic":false}