{"cameraMode":{"drawMode":0,"name":"Shaded","section":"Shading Mode"},"sceneLighting":true,"audioPlay":false,"sceneViewState":{"showFog":true,"showMaterialUpdate":true,"showSkybox":true,"showFlares":true,"showImageEffects":true,"showParticleSystems":true},"in2DMode":false,"pivot":{"x":2.5781924724578859,"y":1.5291556119918824,"z":0.3843693435192108},"rotation":{"x":-0.1717633754014969,"y":0.6098641157150269,"z":-0.14324511587619782,"w":-0.7615295052528381},"size":0.23519515991210938,"orthographic":false}