{"cameraMode":{"drawMode":0,"name":"Shaded","section":"Shading Mode"},"sceneLighting":true,"audioPlay":false,"sceneViewState":{"showFog":true,"showMaterialUpdate":true,"showSkybox":true,"showFlares":true,"showImageEffects":true,"showParticleSystems":true},"in2DMode":false,"pivot":{"x":0.23103278875350953,"y":0.36759960651397707,"z":0.8736435174942017},"rotation":{"x":0.10766072571277619,"y":-0.5438138842582703,"z":0.07338044792413712,"w":0.8302310109138489},"size":1.3043677806854249,"orthographic":false}