{"cameraMode":{"drawMode":0,"name":"Shaded","section":"Shading Mode"},"sceneLighting":true,"audioPlay":false,"sceneViewState":{"showFog":true,"showMaterialUpdate":true,"showSkybox":true,"showFlares":true,"showImageEffects":true,"showParticleSystems":true},"in2DMode":false,"pivot":{"x":500.2184753417969,"y":0.11498775333166123,"z":0.288664847612381},"rotation":{"x":-0.21761153638362885,"y":0.024851588532328607,"z":-0.0073750815354287628,"w":-0.9765116572380066},"size":1.8679602146148682,"orthographic":false}