{"cameraMode":{"drawMode":0,"name":"Shaded","section":"Shading Mode"},"sceneLighting":true,"audioPlay":false,"sceneViewState":{"showFog":true,"showMaterialUpdate":true,"showSkybox":false,"showFlares":true,"showImageEffects":true,"showParticleSystems":true},"in2DMode":false,"pivot":{"x":603.9541625976563,"y":-40.04800796508789,"z":79.9736328125},"rotation":{"x":-0.1533551961183548,"y":-0.48903608322143557,"z":0.08446821570396424,"w":-0.8555247187614441},"size":99.5048828125,"orthographic":false}