{"cameraMode":{"drawMode":0,"name":"Shaded","section":"Shading Mode"},"sceneLighting":true,"audioPlay":false,"sceneViewState":{"showFog":true,"showMaterialUpdate":true,"showSkybox":true,"showFlares":true,"showImageEffects":true,"showParticleSystems":true},"in2DMode":false,"pivot":{"x":201.64208984375,"y":1.1581921577453614,"z":0.9699953198432922},"rotation":{"x":0.38057148456573489,"y":-0.00046821279102005064,"z":0.0020821462385356428,"w":0.9258207082748413},"size":0.9082041382789612,"orthographic":false}