{"cameraMode":{"drawMode":0,"name":"Shaded","section":"Shading Mode"},"sceneLighting":true,"audioPlay":false,"sceneViewState":{"showFog":true,"showMaterialUpdate":true,"showSkybox":true,"showFlares":true,"showImageEffects":true,"showParticleSystems":true},"in2DMode":false,"pivot":{"x":200.98387145996095,"y":-1.9982192516326905,"z":1.3232827186584473},"rotation":{"x":0.2556885778903961,"y":0.0073470971547067169,"z":0.0008752827998250723,"w":0.9676564931869507},"size":0.3275759816169739,"orthographic":false}